"resource_id","category_id"
"38904751","5543"
"38905142","5543"
"38905142","5544"
"38905142","5603"
"38905142","5604"
"38904229","5543"
"38904229","5545"
"38904689","5543"
"38903578","5543"
"38904253","5543"
"38904749","5543"
"38904749","5545"
"38906158","5543"
"38904826","5543"
"38904826","5545"
"67048986","5543"
"38905153","5543"
"38906192","5544"
"38905133","5544"
"38904932","5544"
"38904283","5544"
"38904032","5545"
"53589154","5545"
"38904452","5545"
"52387622","5545"
"69317991","5545"
"38904913","5545"
"38906221","5545"
"38905048","5545"
"38905038","5545"
"38904467","5545"
"38904468","5545"
"38906544","5545"
"55215620","5545"
"38906227","5545"
"53029262","5545"
"38906829","5545"
"38904465","5545"
"38903654","5545"
"38903654","6004"
"38904879","5545"
"38904879","5604"
"38904373","5545"
"38906744","5545"
"38906744","5627"
"38906896","5545"
"38906896","5610"
"38903885","5545"
"38903885","5554"
"38903885","5585"
"38903885","5669"
"38904940","5546"
"38905465","5546"
"38904649","5546"
"38904938","5546"
"68608170","5546"
"38906223","5546"
"38904026","5546"
"38905103","5546"
"38904939","5546"
"38905463","5546"
"38904215","5547"
"38904215","5550"
"53369289","5547"
"53369289","5550"
"43907018","5547"
"43907018","5550"
"38906333","5547"
"38906333","5550"
"38907023","5547"
"38907023","5550"
"38904892","5548"
"38905021","5548"
"38907080","5548"
"38904857","5548"
"38904857","5669"
"38904108","5548"
"38904814","5548"
"38903580","5548"
"38903580","5587"
"38903580","5573"
"38903580","5576"
"38903580","5586"
"38904815","5548"
"38904212","5548"
"38904212","5550"
"62807528","5550"
"69372150","5550"
"38904199","5550"
"38904199","5551"
"38904199","5556"
"62826627","5550"
"54859494","5550"
"54859494","5612"
"38904877","5550"
"38904877","5551"
"67407427","5550"
"38904844","5550"
"38904844","5631"
"69256199","5550"
"69256199","5634"
"69238907","5550"
"38904901","5550"
"38904901","5553"
"38904933","5550"
"38904675","5550"
"38903726","5550"
"65783233","5550"
"38904851","5550"
"38906995","5550"
"55013850","5550"
"38904860","5550"
"38906768","5550"
"38906767","5550"
"59799353","5550"
"38904802","5550"
"38904802","5551"
"38904802","5631"
"38905093","5551"
"38905944","5551"
"38905944","5669"
"38904909","5551"
"38904092","5551"
"38906556","5551"
"38903464","5551"
"39981848","5551"
"38903421","5551"
"51793857","5551"
"51793857","5562"
"51793857","5563"
"51793857","5564"
"51793857","5610"
"38906731","5551"
"38906574","5551"
"38906652","5551"
"38906653","5551"
"38904886","5551"
"38906766","5551"
"38906205","5551"
"38905796","5551"
"38904327","5551"
"38904418","5551"
"38906945","5551"
"65142962","5551"
"65142962","5612"
"65142962","5631"
"38906681","5551"
"38906895","5551"
"38905491","5551"
"38905491","5600"
"38905491","5622"
"38905491","5630"
"38903975","5551"
"38906630","5551"
"38906906","5551"
"40395917","5551"
"38903905","5551"
"38903905","5669"
"38907054","5551"
"38904028","5551"
"64939674","5551"
"38907119","5551"
"38907119","5609"
"38906914","5552"
"38906914","5562"
"38906914","5563"
"38906914","5564"
"38904983","5552"
"38904983","5556"
"38907316","5552"
"66084518","5552"
"38905524","5552"
"38905524","5553"
"38905524","5567"
"38905525","5552"
"38905527","5552"
"38905527","5635"
"38903830","5552"
"56809622","5553"
"56809622","5554"
"38904873","5553"
"69004307","5553"
"68289181","5553"
"68934343","5553"
"49976044","5553"
"69027454","5553"
"38904872","5553"
"38905101","5554"
"38905101","5584"
"38905101","5585"
"38904948","5559"
"38904948","5560"
"38906355","5559"
"38906362","5559"
"38906363","5559"
"38906559","5559"
"38907313","5559"
"38907313","5612"
"38904947","5560"
"38906887","5560"
"38905665","5560"
"68264909","5560"
"38905682","5560"
"38907290","5560"
"38906266","5560"
"38906270","5560"
"38905642","5560"
"38904952","5560"
"38907050","5560"
"38906618","5560"
"38906236","5560"
"38904953","5560"
"67779019","3521"
"67779019","5571"
"67779019","5615"
"67779019","5617"
"67779019","5619"
"38904929","3521"
"38904929","5571"
"38904929","5615"
"38904929","5617"
"38904929","5619"
"38905791","3521"
"38905791","5567"
"38905791","5571"
"38905791","5615"
"38905791","5617"
"38905791","5619"
"38905791","5659"
"55924501","3521"
"55924501","5571"
"55924501","5615"
"55924501","5617"
"55924501","5619"
"55924501","5656"
"38904707","3521"
"38904707","5571"
"38904707","5672"
"38904707","5615"
"38904707","5617"
"38904707","5619"
"38904707","5668"
"38904341","3521"
"38904341","5571"
"38904341","5672"
"38904341","5615"
"38904341","5617"
"38904341","5619"
"38904341","5659"
"38904341","5668"
"38904342","3521"
"38904342","5571"
"38904342","5672"
"38904342","5615"
"38904342","5617"
"38904342","5619"
"38904342","5659"
"38904342","5668"
"38904147","3521"
"38904147","5571"
"38904147","5615"
"38904147","5617"
"38904147","5619"
"38904147","5668"
"38904812","3521"
"38904812","5571"
"38904812","5672"
"38904812","5615"
"38904812","5617"
"38904812","5619"
"38904812","5659"
"38904812","5668"
"38904277","3521"
"38904277","5571"
"38904277","5672"
"38904277","5615"
"38904277","5617"
"38904277","5619"
"38904277","5653"
"38904277","5668"
"38904832","3522"
"38904832","5591"
"38904832","5618"
"38903420","3522"
"38903420","5618"
"38904871","3522"
"38904871","5618"
"38907181","3522"
"38907181","5618"
"38904904","3522"
"38904904","5592"
"38904904","5618"
"38904856","3522"
"38904856","5591"
"38904856","5610"
"38904856","5618"
"38904856","5638"
"38907159","3522"
"38907159","5618"
"38906595","3522"
"38906595","5568"
"38906595","5618"
"38903552","3522"
"38903552","5618"
"38903552","5638"
"38907032","3522"
"38907032","5590"
"38907032","5601"
"38907032","5618"
"38907032","5656"
"38907293","3522"
"38907293","5618"
"69026240","5556"
"55306188","5556"
"38905746","5556"
"38903821","5556"
"38903501","5556"
"38904937","5556"
"38904937","5557"
"38907194","5556"
"38903700","5556"
"38903700","5557"
"38903998","5556"
"68913948","5556"
"68187850","5556"
"65945187","5556"
"69027973","5556"
"38905556","5556"
"38905556","5557"
"38904443","5556"
"38906709","5556"
"38906709","5557"
"49698889","5556"
"59474138","5556"
"69004347","5556"
"69026112","5556"
"38903944","5556"
"38903944","5557"
"68943226","5556"
"68289224","5556"
"38904863","5556"
"38903803","5556"
"51432403","5556"
"51432403","5628"
"38904931","5556"
"38904931","5557"
"38907242","5556"
"68869698","5556"
"68751921","5556"
"68832155","5556"
"38906665","5556"
"38906668","5556"
"38903837","5556"
"38903837","5557"
"38907083","5556"
"69026270","5556"
"38904183","5556"
"38904183","5557"
"68751889","5556"
"47662551","5556"
"38903476","5556"
"38904193","5556"
"69027174","5556"
"69027234","5556"
"38904914","5556"
"38904003","5556"
"38904003","5557"
"54659218","5556"
"68288865","5556"
"68934035","5556"
"38905032","5557"
"38904270","5557"
"38903713","5557"
"38903713","5613"
"38903909","5557"
"69027159","5557"
"38904807","5557"
"38903616","5557"
"38903691","5557"
"38906821","5557"
"38904386","5557"
"38906345","5557"
"38905786","5567"
"38904415","5567"
"38903961","5567"
"38905053","5567"
"38905053","5658"
"38904653","5567"
"38904509","5567"
"38904509","5562"
"38904509","5563"
"38904509","5564"
"38904331","5567"
"38904331","5653"
"38904279","5567"
"38904786","5567"
"38904397","5567"
"38904268","5567"
"38904268","5578"
"38903877","5567"
"38903877","5571"
"38903877","5615"
"38903877","5617"
"38903877","5658"
"38904133","5567"
"38904133","5616"
"38904133","5650"
"38904133","5653"
"38904133","5656"
"38904133","5658"
"38904731","5567"
"38906298","5567"
"38906298","5656"
"38906298","5658"
"38905477","5567"
"38903661","5567"
"38903661","5570"
"38903661","5658"
"38906115","5567"
"38906115","5623"
"38907003","5567"
"38907003","5656"
"38904955","5567"
"38904955","5616"
"38904346","5567"
"38904346","5656"
"38905050","5567"
"38907283","5567"
"38904347","5567"
"38904347","5654"
"38904347","5656"
"38907103","5567"
"38906300","5567"
"38906300","5653"
"38906300","5656"
"38906300","5658"
"38904344","5567"
"38904344","5658"
"38905035","5567"
"38905035","6006"
"38905035","5600"
"38903915","5567"
"38903915","5656"
"38903915","5658"
"38905058","5567"
"38905058","5658"
"38905174","5567"
"38905174","5653"
"38905174","5656"
"38905174","5658"
"38904811","5567"
"38904811","5653"
"38904811","5656"
"38904811","5658"
"38903864","5567"
"38903864","5653"
"38903864","5658"
"38905546","5567"
"38907042","5567"
"38907042","5653"
"38907042","5658"
"38907078","5567"
"38907078","5570"
"38904001","5567"
"38904001","5562"
"38904001","5563"
"38904001","5564"
"38904001","5623"
"38904009","5567"
"38904497","5567"
"38904497","5656"
"38904497","5658"
"38905056","5567"
"38905787","5567"
"38905787","5651"
"38905788","5567"
"38905789","5567"
"38905790","5567"
"61856905","5567"
"38903804","5567"
"38903804","5653"
"38907044","5567"
"38907044","5569"
"38907044","5616"
"38903542","5567"
"38903542","5658"
"38906603","5568"
"38906277","5568"
"38906593","5568"
"38906596","5568"
"38906590","5568"
"38906592","5568"
"38906599","5568"
"38906601","5568"
"38906602","5568"
"38906598","5568"
"38904263","5569"
"38905361","5570"
"38906530","5570"
"38903376","5570"
"38905867","5570"
"38905867","5658"
"38904123","5570"
"38904123","5653"
"38904123","5658"
"38903873","5570"
"38906817","5570"
"38906663","5570"
"38903434","5570"
"38905413","5570"
"38905051","5570"
"38905051","5658"
"38906733","5570"
"38906733","5658"
"38905183","5570"
"38907057","5570"
"38905928","5570"
"38905928","5579"
"38905928","5623"
"38905835","5570"
"38905835","5658"
"38898793","5571"
"38898793","5615"
"38898793","5617"
"38905455","5571"
"38905455","5615"
"38905455","5617"
"38898921","5571"
"38898921","5615"
"38898921","5617"
"38904651","5571"
"38904651","5578"
"38904651","5615"
"38904651","5617"
"38904651","5658"
"38905043","5571"
"38905043","5615"
"38905043","5617"
"38905043","5651"
"38905043","5653"
"38906730","5572"
"38905821","5572"
"38905821","5588"
"38904967","5572"
"38904112","5572"
"38904878","5587"
"38904878","5573"
"38904878","5586"
"38906891","5587"
"38906891","5573"
"38906891","5586"
"38904855","5587"
"38904855","5573"
"38904855","5586"
"38903924","5587"
"38903924","5573"
"38903924","5584"
"38903924","5585"
"38903924","5586"
"38904046","5587"
"38904046","5573"
"38904046","5586"
"38904305","5587"
"38904305","5573"
"38904305","5585"
"38904305","5586"
"38907209","5587"
"38907209","5573"
"38907209","5586"
"38907209","5610"
"38903461","5672"
"38903461","5562"
"38903461","5563"
"38903461","5564"
"38903461","5668"
"38903495","5672"
"38903495","5668"
"38905557","5672"
"38905557","5668"
"38905233","5573"
"38905233","5577"
"38904644","5573"
"38904644","5575"
"38904524","5573"
"38904524","5578"
"38904524","5579"
"38904524","5584"
"38904524","5665"
"38904758","5573"
"38904758","5641"
"62313761","5573"
"38904809","5573"
"38904809","5574"
"38904809","5562"
"38904809","5563"
"38904809","5564"
"38904809","5665"
"38904325","5573"
"38904325","5574"
"38905856","5573"
"38905099","5573"
"38905099","5574"
"38904726","5573"
"38904726","5574"
"38904726","5584"
"38904257","5573"
"38906746","5573"
"68094744","5573"
"68094744","5575"
"38907270","5573"
"38907270","5605"
"38905023","5573"
"38906691","5573"
"38905332","5573"
"38905332","5665"
"61912883","5573"
"61912883","5576"
"38905421","5573"
"38905234","5573"
"38907269","5573"
"38906615","5573"
"69164727","5573"
"38903947","5573"
"38903947","5578"
"38904062","5573"
"38904062","5575"
"38905910","5573"
"38905910","5576"
"38905701","5573"
"38905701","5635"
"38904442","5573"
"38904442","5575"
"38905425","5573"
"38905425","5578"
"38903910","5573"
"38903910","5578"
"38903910","5579"
"38904311","5573"
"38906240","5573"
"38906240","5640"
"58632478","5573"
"38905541","5573"
"38905541","5574"
"38905534","5573"
"38905534","5576"
"38905834","5573"
"38905834","5575"
"38905282","5573"
"38905167","5573"
"38905167","5578"
"38905167","5579"
"38905410","5573"
"38903624","5573"
"38904179","5573"
"38904179","5665"
"38904481","5573"
"38904481","5635"
"38903902","5578"
"38903860","5578"
"38906329","5578"
"38906135","5578"
"38903989","5578"
"38903989","5562"
"38903989","5563"
"38903989","5564"
"38903989","5665"
"38904004","5578"
"38904004","5583"
"38904895","5578"
"38904297","5578"
"38903664","5578"
"38903664","5579"
"38903664","5665"
"38904077","5578"
"38904077","5581"
"38904077","5648"
"38903935","5578"
"38903935","5581"
"38903935","5648"
"38906290","5578"
"38906290","5579"
"38906290","5584"
"38904238","5578"
"38905034","5578"
"38905071","5578"
"38905071","5562"
"38905071","5563"
"38905071","5564"
"38903471","5578"
"38903471","5562"
"38903471","5563"
"38903471","5564"
"38903473","5578"
"38903473","5648"
"38905291","5578"
"38905291","5648"
"38904274","5578"
"38904274","5579"
"38904827","5578"
"38904827","5583"
"41801513","5578"
"38907275","5578"
"38903543","5578"
"38903543","5665"
"38906328","5578"
"38903508","5578"
"38903859","5578"
"38903859","5665"
"38905176","5578"
"38904456","5578"
"38904456","5579"
"38904456","5581"
"38903810","5578"
"38903810","5579"
"38905929","5578"
"38905929","5561"
"38905929","5628"
"38905929","5629"
"38907114","5578"
"38904075","5578"
"38904075","5665"
"38906703","5578"
"38904072","5578"
"38904072","5579"
"38904072","5581"
"38904072","5665"
"38903381","5578"
"38903381","5579"
"38903381","5611"
"38903875","5578"
"38903875","5651"
"38903875","5653"
"38903875","5658"
"38903886","5578"
"40783051","5579"
"38905885","5579"
"38905885","5562"
"38905885","5563"
"38905885","5564"
"38905885","5665"
"38903489","5579"
"38904500","5579"
"38904500","5561"
"38904500","5562"
"38904500","5563"
"38904500","5564"
"38906732","5579"
"38904429","5579"
"38904429","5562"
"38904429","5563"
"38904429","5564"
"38904070","5579"
"38904070","5665"
"38903982","5579"
"38903982","5584"
"38905801","5579"
"38903699","5579"
"38905906","5579"
"38905906","5656"
"38904079","5579"
"38904079","5665"
"38903380","5579"
"38904658","5580"
"38904658","5562"
"38904658","5563"
"38904658","5564"
"38904185","5580"
"38903901","5580"
"38904853","5580"
"38905770","5580"
"38905168","5580"
"38905909","5583"
"38905126","5584"
"38905547","5584"
"38905547","5562"
"38905547","5563"
"38905547","5564"
"38905547","5609"
"38903728","5584"
"38907152","5584"
"38907202","5584"
"38907202","5661"
"38904160","5584"
"38906876","5584"
"38906876","6006"
"38905609","5584"
"38905609","6006"
"38906569","5584"
"38906569","5663"
"38905354","5584"
"38905285","5584"
"38905272","5584"
"38905272","5609"
"38905272","5664"
"38905272","5667"
"38906965","5584"
"38905883","5584"
"38904250","5584"
"38903640","5584"
"38903640","5562"
"38903640","5563"
"38903640","5564"
"38903773","5584"
"38903773","5662"
"67744055","5584"
"38905607","5584"
"38905607","6006"
"38904821","5584"
"38904821","5585"
"38903769","5584"
"38903769","6006"
"38903446","5584"
"38903446","5562"
"38903446","5563"
"38903446","5564"
"38903446","5665"
"38905436","5584"
"38905123","5584"
"38905122","5584"
"38907099","5584"
"38904828","5584"
"38904641","5584"
"38904641","6004"
"38906796","5584"
"38906796","5585"
"38906589","5584"
"38906589","5585"
"38907153","5584"
"38907153","5585"
"38904796","5584"
"38905288","5584"
"38904038","5584"
"38906136","5584"
"38904245","5584"
"38905348","5584"
"38905131","5584"
"38903365","5584"
"38905482","5584"
"38904788","5584"
"38905424","5584"
"38906316","5584"
"38906319","5584"
"38905862","5585"
"56095928","5585"
"38907228","5585"
"38907228","5661"
"38904272","5585"
"38907182","5585"
"38903826","5588"
"38905961","5588"
"38905352","5588"
"38904324","5590"
"38904324","5562"
"38904324","5563"
"38904324","5564"
"38903442","5590"
"38903442","5562"
"38903442","5563"
"38903442","5564"
"38903953","5590"
"38903953","5562"
"38903953","5563"
"38903953","5564"
"38905362","5590"
"38905362","5562"
"38905362","5563"
"38905362","5564"
"38905362","5650"
"38906656","5590"
"38906656","5562"
"38906656","5563"
"38906656","5564"
"38906792","5590"
"38904017","5590"
"38903938","5590"
"38906904","6006"
"38906904","5562"
"38906904","5563"
"38906904","5564"
"52143061","6006"
"38906286","6006"
"38906238","6006"
"38905875","5561"
"38904239","5561"
"38904239","5562"
"38904239","5563"
"38904239","5564"
"38904239","6004"
"38904019","5561"
"38904972","5561"
"38903828","5561"
"38903828","5562"
"38903828","5563"
"38903828","5564"
"57667891","5561"
"38905118","5562"
"38905118","5563"
"38905118","5564"
"38905118","5609"
"38903801","5562"
"38903801","5563"
"38903801","5564"
"38905841","5562"
"38905841","5563"
"38905841","5564"
"38904501","5562"
"38904501","5563"
"38904501","5564"
"38905072","5562"
"38905072","5563"
"38905072","5564"
"38907241","5562"
"38907241","5563"
"38907241","5564"
"38905535","5562"
"38905535","5563"
"38905535","5564"
"38904719","5562"
"38904719","5563"
"38904719","5564"
"53108011","5562"
"53108011","5563"
"53108011","5564"
"38907129","5562"
"38907129","5563"
"38907129","5564"
"38903923","5562"
"38903923","5563"
"38903923","5564"
"38905074","5562"
"38905074","5563"
"38905074","5564"
"38907243","5562"
"38907243","5563"
"38907243","5564"
"42388506","5562"
"42388506","5563"
"42388506","5564"
"38904861","5562"
"38904861","5563"
"38904861","5564"
"38907245","5562"
"38907245","5563"
"38907245","5564"
"38903702","5562"
"38903702","5563"
"38903702","5564"
"38905954","5562"
"38905954","5563"
"38905954","5564"
"38903856","5562"
"38903856","5563"
"38903856","5564"
"38903856","5631"
"38903720","5562"
"38903720","5563"
"38903720","5564"
"38906368","5562"
"38906368","5563"
"38906368","5564"
"38906948","5562"
"38906948","5563"
"38906948","5564"
"38905536","5562"
"38905536","5563"
"38905536","5564"
"38907272","5562"
"38907272","5563"
"38907272","5564"
"38903643","5562"
"38903643","5563"
"38903643","5564"
"38903920","5562"
"38903920","5563"
"38903920","5564"
"38904671","5591"
"38904671","5643"
"47103135","5591"
"38905777","5591"
"38906654","5591"
"38905515","5592"
"38905059","5592"
"38903817","5592"
"38903817","5594"
"38903817","5610"
"38905768","5593"
"38904291","5594"
"38906729","5594"
"38906729","5648"
"38907235","5594"
"38904838","5594"
"38904021","5594"
"38904840","5594"
"38905450","5595"
"38905450","5597"
"45133593","5596"
"38903512","5597"
"38904531","5597"
"38905446","5597"
"38903704","5597"
"38904881","5597"
"38905625","5598"
"38905626","5598"
"38904462","5598"
"38904251","5598"
"38904251","5603"
"38904251","5604"
"38905289","5598"
"38905774","5598"
"38905774","5604"
"38905389","5599"
"38905387","5599"
"38904988","5599"
"38904988","5600"
"38904988","5601"
"48003700","5600"
"48003700","5601"
"48003700","5603"
"48003700","5604"
"48003700","5607"
"38907237","5600"
"38906775","5600"
"38907108","5600"
"38906107","5600"
"38906105","5600"
"38905741","5600"
"38905741","5605"
"66426291","5600"
"38906963","5601"
"38906963","5604"
"38906586","5601"
"38905750","5601"
"38907169","5601"
"38906537","5601"
"38903653","5601"
"38905020","5601"
"38905025","5601"
"46512927","5601"
"38904882","5601"
"38906868","5601"
"38904495","5601"
"49922595","5601"
"38903529","5601"
"38903593","5601"
"38903593","5610"
"38903574","5601"
"38907092","5601"
"38907176","5601"
"38906880","5602"
"38904673","5602"
"38904673","5604"
"38905650","5602"
"38905257","5602"
"38904254","5602"
"38904254","5604"
"38904919","5602"
"38904919","5604"
"38904255","5602"
"38905041","5602"
"38905041","5604"
"38906617","5602"
"38906617","5603"
"38906617","5604"
"38904261","5602"
"38904451","5602"
"38904451","5603"
"38904451","5604"
"38905630","5602"
"38905630","5603"
"38905630","5604"
"38906776","5602"
"38906776","5603"
"38906776","5604"
"67508015","5604"
"67407381","5604"
"67507660","5604"
"67508049","5604"
"67934304","5604"
"57209638","5604"
"67507217","5604"
"38906288","5604"
"38906123","5604"
"38905953","5604"
"38906879","5605"
"38904986","5605"
"38905538","5606"
"38905776","5606"
"38905647","5607"
"38905653","5607"
"38905653","5644"
"38905297","5607"
"38905297","5644"
"38905297","5645"
"38903415","5608"
"38904774","5608"
"38904774","5609"
"38904774","5610"
"38904721","5608"
"38904721","5609"
"38904773","5608"
"38904772","5608"
"38904772","5609"
"38905130","5608"
"38905130","5609"
"38905130","5610"
"38904926","5608"
"65207097","5608"
"65207097","5610"
"38905743","5608"
"38905743","5610"
"38905591","5608"
"38906374","5608"
"38906374","5609"
"38906374","5610"
"38906700","5608"
"38906700","5609"
"38906700","5610"
"65267911","5608"
"65267911","5609"
"65267911","5611"
"38905619","5608"
"38905619","5610"
"38903966","5608"
"38903966","5609"
"38903966","5610"
"38904770","5608"
"38904770","5609"
"38904770","5610"
"38904221","5608"
"38904221","5610"
"38906217","5609"
"38906676","5609"
"38906676","5611"
"38906841","5609"
"38903523","5609"
"38903523","5648"
"38903523","5655"
"38903523","6004"
"38906382","5609"
"38905901","5609"
"55306438","5609"
"38903951","5609"
"41739498","5609"
"38903824","5609"
"38903824","5610"
"38905299","5609"
"38905110","5609"
"38905110","5610"
"50465452","5609"
"66333826","5609"
"38907212","5609"
"38907212","5611"
"38904423","5609"
"38906276","5609"
"38905323","5609"
"38905323","5610"
"38903610","5609"
"38904868","5609"
"38904701","5609"
"38904169","5609"
"38905832","5609"
"38907240","5609"
"38906125","5609"
"38905114","5609"
"38903976","5609"
"38903976","5614"
"38906624","5609"
"38906624","5611"
"38903530","5609"
"38903530","5610"
"38904002","5609"
"38904002","5611"
"38904002","5648"
"38904002","6004"
"38904088","5609"
"38903846","5609"
"38903846","5610"
"38905088","5609"
"38905088","5611"
"38904016","5609"
"38903648","5609"
"38903648","5610"
"38903648","5630"
"38905471","5609"
"38906659","5609"
"38906659","5611"
"38905598","5610"
"38906750","5610"
"66409743","5610"
"38903369","5610"
"38905880","5610"
"38907264","5610"
"38903941","5610"
"38903978","5610"
"62556355","5610"
"38904350","5610"
"38906661","5610"
"38905012","5610"
"38904082","5611"
"38904099","5611"
"38906623","5611"
"38904794","5611"
"38905062","5611"
"38904732","5611"
"38904732","5612"
"38904887","5611"
"38903883","5611"
"38906815","5611"
"38907101","5612"
"38907101","6003"
"67779199","5612"
"59008096","5612"
"59008117","5612"
"67934286","5612"
"68509118","5612"
"67475901","5612"
"38904723","5612"
"56364033","5612"
"38904464","5612"
"38905628","5612"
"38905623","5612"
"68311798","5612"
"38905833","5612"
"38906274","5612"
"38906998","5612"
"38906998","5622"
"38905124","5612"
"69270879","5612"
"38906642","5613"
"38904766","5613"
"38904437","5613"
"38905028","5613"
"38905815","5613"
"38905781","5613"
"38904360","5613"
"38903731","5613"
"38903622","5613"
"38903733","5613"
"38905139","5614"
"38906479","5614"
"38904045","5614"
"38907056","5614"
"38903680","5614"
"38906370","5614"
"38906380","5614"
"38904030","5616"
"38904030","5668"
"38904129","5616"
"38906637","5616"
"38905259","5616"
"38904958","5616"
"38904124","5616"
"38904034","5616"
"38904364","5616"
"38904398","5616"
"38906850","5620"
"38905044","5621"
"38905044","5622"
"38905044","5624"
"38905044","5625"
"38905044","5628"
"38905044","5630"
"69355667","5622"
"38905636","5622"
"38906180","5622"
"38906180","5625"
"38903855","5623"
"38905548","5626"
"38905548","5630"
"38903854","5626"
"38906117","5628"
"38906117","5629"
"38906235","5628"
"38907278","5630"
"54741439","5630"
"59799413","5630"
"38906823","5630"
"38906679","5630"
"38906723","5631"
"56482150","5631"
"38907210","5633"
"55503688","5634"
"38905773","5636"
"38905292","5637"
"38905292","5638"
"38904508","5638"
"38903447","5638"
"38907117","5638"
"38906210","5638"
"38903802","5638"
"38905359","5638"
"38903800","5638"
"38904519","5638"
"38904522","5638"
"38905036","5638"
"38905036","5646"
"38904506","5638"
"38904405","5638"
"38904523","5638"
"38907115","5638"
"38905215","5638"
"38905215","5646"
"38905121","5638"
"38905147","5638"
"38904795","5638"
"38904795","5664"
"38904795","5667"
"38904634","5638"
"38903931","5638"
"38905277","5638"
"38903579","5638"
"38903579","5646"
"38904504","5638"
"38904893","5638"
"38904893","5646"
"38904744","5638"
"38905201","5638"
"38904266","5638"
"38904266","5646"
"38904266","5664"
"38904266","5667"
"38905315","5638"
"38905152","5638"
"38904970","5638"
"38905294","5639"
"38905418","5639"
"38907128","5641"
"38905047","5641"
"38906737","5641"
"38904789","5641"
"38904789","5665"
"38906809","5642"
"38905775","5644"
"38905016","5644"
"42116498","5644"
"38904119","5645"
"38904201","5646"
"38904201","5655"
"38903627","5646"
"38905089","5646"
"38905089","5655"
"38904924","5646"
"38905316","5646"
"64118657","5646"
"38904479","5646"
"38904745","5646"
"38906684","5646"
"38904470","5647"
"38903844","5647"
"38905836","5647"
"38903831","5648"
"38903831","5655"
"38907205","5648"
"38903788","5648"
"38903528","5648"
"38905079","5649"
"38905079","6003"
"38904329","5649"
"38904329","6003"
"38906931","5651"
"38906931","5652"
"38904163","5651"
"38904163","5654"
"38906482","5652"
"38904174","5653"
"38905900","5653"
"38903383","5653"
"38903383","5656"
"38903385","5653"
"38903385","5656"
"38903385","5658"
"38903694","5653"
"38903694","5656"
"38903694","5658"
"38906280","5653"
"38904345","5654"
"38904345","5656"
"38904642","5655"
"38904942","5655"
"38904942","5669"
"38906167","5655"
"38905085","5655"
"38904014","5655"
"64118644","5655"
"38905840","5655"
"38903544","5655"
"38906651","5655"
"38903798","5655"
"38904517","5655"
"38903546","5656"
"38906312","5656"
"38904127","5656"
"38903732","5656"
"38906292","5656"
"38904963","5656"
"38907090","5656"
"38905893","5656"
"38906291","5656"
"38903466","5656"
"38904338","5656"
"38904338","5657"
"38904444","5656"
"38905672","5656"
"38905672","5660"
"38905702","5656"
"38905702","5660"
"38906310","5656"
"38906966","5656"
"38906966","5658"
"38904339","5656"
"38904808","5657"
"38903541","5658"
"38906616","5658"
"38906673","5658"
"38904420","5660"
"38904420","5664"
"38904420","5667"
"68311390","5660"
"38904425","5660"
"38906509","5660"
"38906526","5660"
"38906814","5660"
"38905852","5660"
"38905852","5664"
"38905852","5667"
"38903545","5661"
"38904126","5661"
"38903967","5661"
"38903556","5662"
"38903937","5662"
"38903614","5662"
"38904278","5663"
"38905018","5663"
"38905602","5663"
"38903591","5663"
"38903427","5664"
"38903427","5667"
"38907155","5664"
"38907155","5667"
"38907155","6004"
"38904764","5664"
"38904764","5667"
"38904186","5664"
"38904186","5667"
"38905334","5664"
"38905334","5667"
"38903366","5664"
"38903366","5667"
"38903366","6004"
"38906924","5664"
"38906924","5667"
"38905223","5664"
"38905223","5667"
"38903806","5664"
"38903806","5667"
"38903857","5664"
"38903857","5667"
"38903474","5664"
"38903474","5667"
"38903463","5664"
"38903463","5667"
"38905015","5664"
"38905015","5667"
"38905273","5664"
"38905273","5667"
"38905870","5664"
"38905870","5667"
"38904432","5664"
"38904432","5667"
"38905281","5664"
"38905281","5667"
"38904205","5664"
"38904205","5667"
"38905813","5664"
"38905813","5667"
"38905858","5664"
"38905858","5667"
"38907197","5664"
"38907197","5667"
"38904803","5664"
"38904803","5667"
"38904421","5664"
"38904421","5667"
"38903500","5664"
"38903500","5667"
"38903805","5664"
"38903805","5667"
"38904529","5664"
"38904529","5667"
"38906922","5664"
"38906922","5667"
"38905278","5664"
"38905278","5667"
"41978838","5664"
"41978838","5667"
"38905851","5664"
"38905851","5667"
"38905001","5664"
"38905001","5667"
"38905829","5664"
"38905829","5667"
"38904370","5664"
"38904370","5667"
"38905172","5664"
"38905172","5667"
"38905370","5664"
"38905370","5667"
"38906583","5664"
"38906583","5667"
"38907051","5664"
"38907051","5667"
"38905224","5664"
"38905224","5667"
"38905082","5664"
"38905082","5667"
"38904366","5664"
"38904366","5667"
"38904968","5664"
"38904813","5664"
"38904080","5665"
"38903590","5665"
"38903526","5665"
"38903657","5665"
"38907274","5665"
"38903946","5665"
"38903549","5665"
"38903833","5665"
"38904131","5665"
"38905510","5665"
"38904537","5665"
"38903914","5665"
"38904094","5665"
"38903658","5665"
"38905423","5665"
"38903889","5667"
"38905341","5667"
"38905342","5667"
"38903620","5667"
"38905339","5667"
"38906842","5668"
"38903977","5668"
"38906248","5668"
"38904301","5670"
"38905186","5670"
"38905473","5670"
"38903417","5671"
"38904438","6003"
"38906834","6003"
"38904031","6003"
"38905010","6003"
"38905155","6004"
"38905305","6004"
"38905266","6004"
"38905304","6004"
"38905060","6004"
"38904835","6004"
"38903662","6004"
"38906193","6004"
"38906860","6004"
"38906831","6004"
"38905395","6004"
"38906925","6004"
"38907037","6004"
